id,first_name,last_name,email,gender,ip_address
1,Elora,Stubbert,estubbert0@domainmarket.com,Female,201.148.201.206
2,Elna,Egle,eegle1@g.co,Female,112.147.49.151
3,Dotty,Bruins,dbruins2@tumblr.com,Female,77.119.254.192
4,Lauren,Bettis,lbettis3@cbsnews.com,Male,17.157.32.168
5,Goddard,MacDwyer,gmacdwyer4@discuz.net,Male,163.35.42.152
6,Jerald,Prozescky,jprozescky5@forbes.com,Male,234.187.238.68
7,Pietrek,Bertram,pbertram6@usnews.com,Male,95.190.178.159
8,Brigitte,Thoms,bthoms7@studiopress.com,Female,189.189.116.151
9,Booth,Meehan,bmeehan8@a8.net,Male,62.74.146.13
10,Ulberto,Fealty,ufealty9@google.com,Male,55.125.71.141
11,Sally,Bengochea,sbengocheaa@pen.io,Female,107.8.202.206
12,Jase,Munt,jmuntb@noaa.gov,Male,192.14.121.236
13,Rand,Dicks,rdicksc@sitemeter.com,Male,165.62.222.71
14,Denice,Goodman,dgoodmand@twitpic.com,Female,158.71.64.31
15,Mariele,Stanhope,mstanhopee@infoseek.co.jp,Female,185.6.108.238
16,Marilin,Huerta,mhuertaf@google.de,Female,187.173.247.229
17,Valma,Wastling,vwastlingg@economist.com,Female,255.210.193.98
18,Erminie,Neeves,eneevesh@auda.org.au,Female,117.220.108.247
19,Bradly,Lamkin,blamkini@liveinternet.ru,Male,185.38.240.183
20,Shandie,Faulkes,sfaulkesj@hubpages.com,Female,121.19.167.241
21,Udell,Burnyeat,uburnyeatk@wp.com,Male,45.22.26.32
22,Briano,Hundey,bhundeyl@opera.com,Male,82.15.124.126
23,Russ,Ateggart,rateggartm@networksolutions.com,Male,189.23.217.6
24,Finlay,Shitliffe,fshitliffen@boston.com,Male,163.5.245.83
25,Udale,Prandi,uprandio@reference.com,Male,158.140.0.22
26,Mab,Egalton,megaltonp@bigcartel.com,Female,166.81.5.99
27,Marcy,Saur,msaurq@msu.edu,Female,83.70.56.42
28,Rochella,Lotze,rlotzer@miibeian.gov.cn,Female,44.27.77.90
29,Abeu,Heeley,aheeleys@1und1.de,Male,96.46.144.136
30,Dallon,Brussels,dbrusselst@desdev.cn,Male,170.39.37.108
31,Nicola,Dalston,ndalstonu@vkontakte.ru,Male,22.214.225.63
32,Hershel,Donke,hdonkev@scribd.com,Male,210.18.221.206
33,Allyson,Schruyers,aschruyersw@zdnet.com,Female,24.123.175.156
34,Clarette,Iddison,ciddisonx@ed.gov,Female,4.31.5.36
35,Wilmar,Retallack,wretallacky@ovh.net,Male,90.124.3.132
36,Niels,Style,nstylez@businessweek.com,Male,77.15.201.35
37,Corey,Lowsely,clowsely10@si.edu,Male,9.55.179.22
38,Amabelle,Gleadhall,agleadhall11@intel.com,Female,22.104.74.6
39,Glyn,Chesley,gchesley12@webeden.co.uk,Female,53.238.224.132
40,Otho,Skittrell,oskittrell13@examiner.com,Male,198.46.193.26
41,Purcell,Beston,pbeston14@illinois.edu,Male,104.228.112.14
42,Errick,Caldaro,ecaldaro15@woothemes.com,Male,228.109.240.24
43,Abigail,Dmisek,admisek16@youtube.com,Female,149.119.243.226
44,Ancell,Brealey,abrealey17@earthlink.net,Male,205.245.163.25
45,Chaunce,Haines,chaines18@sun.com,Male,22.249.254.30
46,Nalani,Wileman,nwileman19@de.vu,Female,4.246.60.74
47,Raffaello,Sagg,rsagg1a@paypal.com,Male,52.52.198.48
48,Ennis,Franz,efranz1b@addthis.com,Male,47.189.126.29
49,Cornall,Arnet,carnet1c@flickr.com,Male,242.248.68.104
50,Brana,Conigsby,bconigsby1d@cnbc.com,Female,230.75.228.212
51,Theda,Daveridge,tdaveridge1e@sun.com,Female,77.160.168.153
52,Randie,Caroli,rcaroli1f@pinterest.com,Male,235.233.109.230
53,Danice,Ludlow,dludlow1g@opera.com,Female,97.213.160.22
54,Cordey,Leneve,cleneve1h@deviantart.com,Female,50.154.139.151
55,Ursulina,Schwandner,uschwandner1i@berkeley.edu,Female,122.202.229.6
56,Jone,Merrall,jmerrall1j@freewebs.com,Male,177.137.67.109
57,Izaak,Wilcockes,iwilcockes1k@yellowpages.com,Male,36.213.117.173
58,Kai,Stonebridge,kstonebridge1l@bloglovin.com,Female,232.85.98.18
59,Alanna,Gleader,agleader1m@mayoclinic.com,Female,50.16.24.109
60,Jaynell,Polo,jpolo1n@yahoo.com,Female,17.58.219.118
61,Bary,Plampin,bplampin1o@sitemeter.com,Male,185.237.166.41
62,Nehemiah,Christol,nchristol1p@guardian.co.uk,Male,108.165.108.2
63,Filide,Merill,fmerill1q@elpais.com,Female,244.211.3.0
64,Nikolos,Abell,nabell1r@ft.com,Male,5.15.115.149
65,Malva,Duckels,mduckels1s@shutterfly.com,Female,127.96.132.130
66,Gerome,Cornejo,gcornejo1t@usnews.com,Male,88.203.147.10
67,Cristi,Leebeter,cleebeter1u@yellowpages.com,Female,169.0.222.31
68,Isabella,Goddman,igoddman1v@latimes.com,Female,57.215.76.88
69,Wanids,O' Meara,womeara1w@arstechnica.com,Female,88.17.53.73
70,Florencia,Pickard,fpickard1x@cmu.edu,Female,69.22.5.29
71,Pat,Fierro,pfierro1y@senate.gov,Male,170.92.251.236
72,Bobbye,Volette,bvolette1z@hostgator.com,Female,233.219.238.62
73,Currey,Dudny,cdudny20@uol.com.br,Male,250.234.87.210
74,Waverley,Fishly,wfishly21@bloglovin.com,Male,61.6.251.40
75,Stefanie,Oxterby,soxterby22@netlog.com,Female,255.92.47.79
76,Tannie,Jermyn,tjermyn23@si.edu,Male,235.194.35.205
77,Alard,Cossington,acossington24@cdc.gov,Male,185.130.133.48
78,Cathleen,Lorrie,clorrie25@yandex.ru,Female,38.140.192.23
79,Neal,O'Currigan,nocurrigan26@shinystat.com,Male,231.215.197.147
80,Walsh,Pretorius,wpretorius27@soundcloud.com,Male,119.90.224.52
81,Robin,Nanetti,rnanetti28@mapquest.com,Female,17.166.199.5
82,Kimberli,Sukbhans,ksukbhans29@prnewswire.com,Female,120.53.136.9
83,Ginny,Bassil,gbassil2a@linkedin.com,Female,218.191.76.178
84,Berton,Marte,bmarte2b@joomla.org,Male,125.54.38.190
85,Julianna,Klimsch,jklimsch2c@blog.com,Female,0.244.250.25
86,Karissa,Bysshe,kbysshe2d@newsvine.com,Female,128.42.103.238
87,Geoffrey,Godbold,ggodbold2e@google.co.uk,Male,43.73.155.140
88,Colin,Keough,ckeough2f@google.ca,Male,206.240.103.130
89,Caressa,Leibold,cleibold2g@tumblr.com,Female,60.246.49.116
90,Alley,Ishak,aishak2h@ted.com,Male,195.129.115.130
91,Noelani,Hughes,nhughes2i@mtv.com,Female,6.14.15.40
92,Cinnamon,Bawme,cbawme2j@unc.edu,Female,135.118.96.0
93,Abbye,Challen,achallen2k@usda.gov,Female,49.127.125.197
94,Barrie,Langfat,blangfat2l@tumblr.com,Female,231.130.149.117
95,Piggy,Dayne,pdayne2m@businessweek.com,Male,151.65.46.77
96,Gilli,Eddins,geddins2n@istockphoto.com,Female,39.92.211.91
97,Alyss,Greschke,agreschke2o@narod.ru,Female,11.217.58.135
98,Jules,Lampert,jlampert2p@twitpic.com,Male,124.112.34.143
99,Catina,Davidovics,cdavidovics2q@tiny.cc,Female,58.165.253.89
100,Friedrich,Dachs,fdachs2r@moonfruit.com,Male,44.202.124.72
101,Tomas,Selvester,tselvester2s@nps.gov,Male,145.30.77.47
102,Dicky,Cayser,dcayser2t@liveinternet.ru,Male,219.111.49.176
103,Mirna,Dewing,mdewing2u@businessweek.com,Female,154.48.108.175
104,Prentice,Zwicker,pzwicker2v@scribd.com,Male,121.10.62.0
105,Bond,Shipperbottom,bshipperbottom2w@deliciousdays.com,Male,205.234.248.37
106,Roman,Barabisch,rbarabisch2x@unc.edu,Male,39.245.20.78
107,Mirabel,Organ,morgan2y@marketwatch.com,Female,151.35.143.186
108,Silvie,MacKeller,smackeller2z@amazon.co.jp,Female,87.240.6.91
109,Ulrika,Janko,ujanko30@typepad.com,Female,108.18.15.230
110,Dore,Loughney,dloughney31@ucsd.edu,Female,97.47.57.194
111,Katine,Winfindine,kwinfindine32@yandex.ru,Female,30.184.116.63
112,Frieda,Tregear,ftregear33@prlog.org,Female,215.28.181.16
113,Alvera,Zumbusch,azumbusch34@arstechnica.com,Female,176.81.245.240
114,Karlene,Doyle,kdoyle35@networksolutions.com,Female,183.163.241.229
115,Linea,Lownds,llownds36@jiathis.com,Female,128.15.188.56
116,Moria,Joberne,mjoberne37@jigsy.com,Female,42.239.206.252
117,Corrianne,Boden,cboden38@oakley.com,Female,30.103.243.236
118,Klement,Roback,kroback39@scientificamerican.com,Male,186.235.44.32
119,Pembroke,Carass,pcarass3a@ucsd.edu,Male,137.4.58.35
120,Matthiew,Spurdon,mspurdon3b@cocolog-nifty.com,Male,19.180.206.137
121,Melinda,Gorghetto,mgorghetto3c@sfgate.com,Female,151.159.61.193
122,Tracie,Lathleiffure,tlathleiffure3d@arizona.edu,Female,119.137.249.91
123,Gwenni,Loveless,gloveless3e@spotify.com,Female,64.17.142.84
124,Malynda,McCullogh,mmccullogh3f@google.com.br,Female,30.108.49.78
125,Stanfield,Spurdon,sspurdon3g@macromedia.com,Male,91.247.193.102
126,Wendi,Dwelly,wdwelly3h@whitehouse.gov,Female,149.232.133.126
127,Amber,Danovich,adanovich3i@flavors.me,Female,191.102.62.104
128,Esther,Paunton,epaunton3j@nba.com,Female,102.189.162.120
129,Lanette,Sallan,lsallan3k@sfgate.com,Female,170.219.233.74
130,Emmanuel,Errey,eerrey3l@examiner.com,Male,224.109.34.80
131,Hercules,Duplain,hduplain3m@discovery.com,Male,23.252.250.92
132,Mortimer,Ladds,mladds3n@merriam-webster.com,Male,151.126.234.93
133,Lind,Pioli,lpioli3o@drupal.org,Male,206.149.159.5
134,Carree,Tolman,ctolman3p@sciencedirect.com,Female,18.23.76.99
135,Kevin,McCooke,kmccooke3q@surveymonkey.com,Male,183.129.242.252
136,Merrill,Shegog,mshegog3r@blogger.com,Male,27.168.48.202
137,Wash,Schustl,wschustl3s@msu.edu,Male,182.122.215.172
138,Joycelin,Pirozzi,jpirozzi3t@gnu.org,Female,163.144.93.102
139,Lianne,Yakebovitch,lyakebovitch3u@zdnet.com,Female,237.167.55.152
140,Caron,Busen,cbusen3v@salon.com,Female,192.10.61.194
141,Matti,Canizares,mcanizares3w@bandcamp.com,Female,93.112.194.67
142,Wayland,Rhule,wrhule3x@vistaprint.com,Male,71.80.94.132
143,Ingram,Brumbie,ibrumbie3y@mapy.cz,Male,204.48.1.134
144,Berrie,Orred,borred3z@opera.com,Female,164.171.148.51
145,Haleigh,Riveles,hriveles40@pagesperso-orange.fr,Female,186.217.107.73
146,Jeremiah,Chadbourn,jchadbourn41@topsy.com,Male,112.155.142.114
147,Georgine,Boteman,gboteman42@google.ru,Female,214.192.164.232
148,Vyky,Jollands,vjollands43@gnu.org,Female,119.44.249.233
149,Rip,Grinov,rgrinov44@imgur.com,Male,250.131.25.228
150,Paige,Waller,pwaller45@tuttocitta.it,Male,192.235.142.181
151,Thomas,Feore,tfeore46@reuters.com,Male,36.138.195.195
152,Biddy,Tyrer,btyrer47@shutterfly.com,Female,98.37.27.85
153,Emalia,Rosendorf,erosendorf48@constantcontact.com,Female,89.125.163.7
154,Melvin,McRinn,mmcrinn49@blogs.com,Male,22.80.143.41
155,Enrica,Sterricker,esterricker4a@bizjournals.com,Female,16.51.31.244
156,Consalve,Filippo,cfilippo4b@arizona.edu,Male,165.249.153.178
157,Margaret,Najera,mnajera4c@usa.gov,Female,245.229.182.218
158,Dredi,Moret,dmoret4d@eventbrite.com,Female,104.163.0.248
159,Curcio,Bartholin,cbartholin4e@redcross.org,Male,34.134.133.55
160,Corney,Ellens,cellens4f@i2i.jp,Male,11.4.224.61
161,Stephanie,Minshall,sminshall4g@webmd.com,Female,43.197.143.12
162,Riccardo,Standish,rstandish4h@shutterfly.com,Male,172.73.82.62
163,Case,Chazerand,cchazerand4i@tripod.com,Male,12.107.240.70
164,Bartholomew,Allnutt,ballnutt4j@goodreads.com,Male,211.195.55.32
165,Denna,Bellenie,dbellenie4k@imageshack.us,Female,72.78.38.181
166,Bar,Bartleman,bbartleman4l@who.int,Male,42.42.159.254
167,Fields,Acedo,facedo4m@jiathis.com,Male,137.166.191.145
168,Adrianna,Takle,atakle4n@desdev.cn,Female,84.107.187.217
169,Benedict,Narbett,bnarbett4o@ocn.ne.jp,Male,191.16.158.170
170,Albie,Dufoure,adufoure4p@tuttocitta.it,Male,219.164.87.153
171,Antonie,Menel,amenel4q@discovery.com,Female,38.217.229.40
172,Giffer,Lutman,glutman4r@squarespace.com,Male,7.237.1.36
173,Barclay,Gilding,bgilding4s@themeforest.net,Male,231.251.240.96
174,Giustino,Temprell,gtemprell4t@webeden.co.uk,Male,131.243.116.48
175,Kathy,Carnie,kcarnie4u@theguardian.com,Female,127.78.226.77
176,Webster,Bodsworth,wbodsworth4v@cyberchimps.com,Male,71.34.19.69
177,Gregg,Richly,grichly4w@over-blog.com,Male,252.128.177.50
178,Ernie,Coggen,ecoggen4x@psu.edu,Male,216.106.237.63
179,Cameron,Liepins,cliepins4y@youtu.be,Male,146.215.252.200
180,Andrej,Kanzler,akanzler4z@godaddy.com,Male,219.99.162.66
181,Caterina,Cumes,ccumes50@ocn.ne.jp,Female,213.88.71.41
182,Frederick,Mutch,fmutch51@arstechnica.com,Male,200.49.225.63
183,Averell,Silverthorn,asilverthorn52@ibm.com,Male,247.174.18.6
184,Neill,Starford,nstarford53@hexun.com,Male,25.133.132.24
185,Corina,Faherty,cfaherty54@moonfruit.com,Female,232.193.224.69
186,Emily,Leate,eleate55@youku.com,Female,238.221.208.130
187,Kendall,Corrigan,kcorrigan56@people.com.cn,Male,49.253.240.216
188,Elita,Malia,emalia57@elegantthemes.com,Female,92.95.22.69
189,Bryanty,Crookshank,bcrookshank58@naver.com,Male,116.135.81.59
190,Clementine,Burree,cburree59@sphinn.com,Female,99.61.198.170
191,Constanta,Truter,ctruter5a@bravesites.com,Female,107.58.66.59
192,Gabriel,Cornelisse,gcornelisse5b@marketwatch.com,Female,120.5.72.219
193,Xylina,Jelkes,xjelkes5c@bandcamp.com,Female,132.243.219.3
194,Harriett,Zuanazzi,hzuanazzi5d@sbwire.com,Female,170.108.14.83
195,Daryn,Joreau,djoreau5e@engadget.com,Female,23.217.232.30
196,Rhiamon,Scotson,rscotson5f@cmu.edu,Female,71.190.250.148
197,Dermot,Donson,ddonson5g@jugem.jp,Male,11.105.74.186
198,Tiffanie,Adamec,tadamec5h@google.nl,Female,0.177.120.152
199,Beitris,MacArd,bmacard5i@boston.com,Female,161.59.0.50
200,Daisie,Kelberer,dkelberer5j@paginegialle.it,Female,234.161.109.172
201,Elbertina,Abercromby,eabercromby5k@chron.com,Female,39.49.19.138
202,Jerry,Boules,jboules5l@arizona.edu,Male,22.208.53.79
203,Jarid,Pollicatt,jpollicatt5m@businessweek.com,Male,40.50.231.46
204,Anatole,Rippen,arippen5n@opensource.org,Male,154.156.18.163
205,Guinevere,Tatem,gtatem5o@freewebs.com,Female,99.250.66.127
206,Sloane,Masding,smasding5p@abc.net.au,Male,239.253.142.110
207,Keene,Worlock,kworlock5q@accuweather.com,Male,12.234.46.80
208,Meier,Carlesso,mcarlesso5r@nature.com,Male,250.91.208.23
209,Johannah,Shiel,jshiel5s@miitbeian.gov.cn,Female,103.99.17.126
210,Trev,Wintle,twintle5t@1688.com,Male,17.243.70.170
211,Raffaello,Bonnin,rbonnin5u@upenn.edu,Male,39.144.138.216
212,Kaleb,Mainz,kmainz5v@gizmodo.com,Male,213.251.194.119
213,Chet,Antoons,cantoons5w@senate.gov,Male,14.66.171.44
214,Aleen,Piken,apiken5x@a8.net,Female,179.2.55.227
215,Hailey,Buckthought,hbuckthought5y@usda.gov,Male,195.155.33.122
216,Ailyn,Bricksey,abricksey5z@myspace.com,Female,49.55.188.202
217,Cecilio,Joskowicz,cjoskowicz60@reference.com,Male,38.235.42.68
218,Tabby,Mowsdale,tmowsdale61@bluehost.com,Male,45.181.179.30
219,Alfred,Hearty,ahearty62@patch.com,Male,39.64.221.29
220,Page,Dunkley,pdunkley63@imdb.com,Male,176.24.201.209
221,Jeremiah,Beamont,jbeamont64@tiny.cc,Male,238.217.39.93
222,Read,Danielczyk,rdanielczyk65@upenn.edu,Male,188.96.21.156
223,Zerk,Millhouse,zmillhouse66@meetup.com,Male,212.113.132.21
224,Jerald,Clutten,jclutten67@163.com,Male,169.56.18.230
225,Kendell,Pollendine,kpollendine68@webnode.com,Male,194.172.116.96
226,Georas,Hehl,ghehl69@imdb.com,Male,224.56.140.107
227,Elise,Truggian,etruggian6a@discovery.com,Female,233.145.107.149
228,Sayre,Darmody,sdarmody6b@constantcontact.com,Female,55.81.154.176
229,Mia,Keaveney,mkeaveney6c@thetimes.co.uk,Female,240.43.73.207
230,Claudelle,Lenard,clenard6d@csmonitor.com,Female,194.110.91.12
231,Holly,Rickarsey,hrickarsey6e@answers.com,Male,240.43.56.41
232,Zonda,Reston,zreston6f@amazon.com,Female,200.28.83.1
233,Dolli,Goodreid,dgoodreid6g@hugedomains.com,Female,139.230.115.157
234,Padgett,Babbage,pbabbage6h@dagondesign.com,Male,251.238.231.38
235,Anthia,Jude,ajude6i@zdnet.com,Female,231.55.13.13
236,Frederik,Coper,fcoper6j@homestead.com,Male,58.175.188.128
237,Bessie,Crowcum,bcrowcum6k@nhs.uk,Female,201.225.235.201
238,Gusta,Daouse,gdaouse6l@istockphoto.com,Female,222.229.131.90
239,Shauna,D'Arrigo,sdarrigo6m@rediff.com,Female,221.59.100.223
240,Desmund,Christofol,dchristofol6n@biglobe.ne.jp,Male,180.24.29.197
241,Francisco,Corish,fcorish6o@timesonline.co.uk,Male,87.109.144.69
242,Kin,Speck,kspeck6p@forbes.com,Male,220.214.167.42
243,Norbie,Fetherby,nfetherby6q@msu.edu,Male,143.23.52.96
244,Marsiella,Stedell,mstedell6r@pbs.org,Female,112.181.234.94
245,Henderson,Guilloud,hguilloud6s@japanpost.jp,Male,47.8.105.219
246,Harrietta,Balden,hbalden6t@list-manage.com,Female,101.239.163.218
247,Tab,Yerrill,tyerrill6u@csmonitor.com,Male,62.253.205.52
248,Heindrick,McLise,hmclise6v@cornell.edu,Male,146.238.141.96
249,Felipa,Rodder,frodder6w@dedecms.com,Female,254.137.166.229
250,Dalila,Barrs,dbarrs6x@hexun.com,Female,133.232.238.109
251,Sophronia,Ryall,sryall6y@fema.gov,Female,92.172.116.12
252,Alphonso,Pagon,apagon6z@shareasale.com,Male,111.176.182.139
253,Josie,Undrell,jundrell70@apache.org,Female,86.202.6.128
254,Emilee,Everex,eeverex71@blinklist.com,Female,90.247.190.220
255,Sissie,Bernardelli,sbernardelli72@wikia.com,Female,27.175.234.221
256,Ketti,Benford,kbenford73@cbsnews.com,Female,106.12.219.199
257,Sherlock,Twitching,stwitching74@ucsd.edu,Male,14.165.224.141
258,Fredric,Pourveer,fpourveer75@netscape.com,Male,178.255.103.26
259,Andrew,Nelthorpe,anelthorpe76@ning.com,Male,82.186.213.239
260,Sanderson,Davydochkin,sdavydochkin77@xing.com,Male,255.41.2.108
261,Dallon,Blomefield,dblomefield78@live.com,Male,169.98.13.220
262,Emery,Grelka,egrelka79@bloomberg.com,Male,246.130.145.118
263,Nilson,Damrell,ndamrell7a@taobao.com,Male,201.41.63.36
264,Nerita,Wickham,nwickham7b@parallels.com,Female,198.241.208.100
265,Jess,Banfield,jbanfield7c@twitpic.com,Male,129.195.231.160
266,Kleon,Gatcliff,kgatcliff7d@amazon.com,Male,42.17.47.85
267,Lina,Povah,lpovah7e@fotki.com,Female,25.48.9.129
268,Karissa,Tiffin,ktiffin7f@booking.com,Female,165.111.227.74
269,Pren,Imorts,pimorts7g@bandcamp.com,Male,17.25.185.176
270,Frances,Peppard,fpeppard7h@ted.com,Female,221.249.12.222
271,Lucia,Rubinow,lrubinow7i@vk.com,Female,136.254.79.135
272,Drake,Hackinge,dhackinge7j@dailymotion.com,Male,247.148.187.55
273,Shea,Hinckes,shinckes7k@acquirethisname.com,Male,168.41.105.251
274,Osborne,Prestie,oprestie7l@gravatar.com,Male,22.210.34.117
275,Germaine,Briffett,gbriffett7m@sun.com,Male,122.181.167.42
276,Dredi,Diment,ddiment7n@who.int,Female,80.28.30.153
277,Gianni,Duligall,gduligall7o@gizmodo.com,Male,40.94.89.191
278,Rochester,O'Henery,rohenery7p@dell.com,Male,139.212.218.124
279,Vikki,Parades,vparades7q@free.fr,Female,70.167.230.164
280,Denys,Giovannilli,dgiovannilli7r@imdb.com,Female,180.34.89.151
281,Lalo,McDermot,lmcdermot7s@fda.gov,Male,179.202.54.100
282,Ambrose,Khan,akhan7t@sciencedaily.com,Male,57.139.223.8
283,Leslie,Ferbrache,lferbrache7u@tripod.com,Female,244.254.147.65
284,Yancy,Cockerton,ycockerton7v@sina.com.cn,Male,135.171.144.165
285,Kellen,McIndoe,kmcindoe7w@uol.com.br,Male,226.135.153.121
286,Corey,Stitch,cstitch7x@webs.com,Male,26.178.235.209
287,Mitchell,Zini,mzini7y@storify.com,Male,107.134.60.8
288,Boyd,Craggs,bcraggs7z@vk.com,Male,240.254.193.10
289,Shadow,Mutimer,smutimer80@harvard.edu,Male,117.225.185.111
290,Rog,Nicholson,rnicholson81@soup.io,Male,214.170.30.137
291,Toddie,Rosenwasser,trosenwasser82@cdc.gov,Male,40.225.147.98
292,Shanta,Roubay,sroubay83@google.pl,Female,116.209.121.75
293,Viviyan,Gouldeby,vgouldeby84@wufoo.com,Female,229.141.181.112
294,Elena,Aspinwall,easpinwall85@uiuc.edu,Female,224.158.184.115
295,Estele,Spaight,espaight86@tuttocitta.it,Female,211.51.203.182
296,Oliver,Mitchall,omitchall87@mtv.com,Male,38.234.248.152
297,Aindrea,Janouch,ajanouch88@pbs.org,Female,8.0.22.183
298,Fulvia,Mordecai,fmordecai89@hubpages.com,Female,214.132.165.164
299,Travis,Romeuf,tromeuf8a@godaddy.com,Male,48.21.27.69
300,Woodman,Hince,whince8b@zimbio.com,Male,192.227.37.102
301,Augy,Barnsley,abarnsley8c@cyberchimps.com,Male,216.10.30.1
302,Sarita,Persent,spersent8d@elpais.com,Female,245.233.139.179
303,Britte,Larkins,blarkins8e@github.io,Female,240.68.99.61
304,Farrel,MacBain,fmacbain8f@seattletimes.com,Male,209.78.204.127
305,Robina,Skipton,rskipton8g@indiatimes.com,Female,207.84.32.94
306,Prinz,Delacourt,pdelacourt8h@tiny.cc,Male,73.197.30.156
307,Karlis,Bleythin,kbleythin8i@china.com.cn,Male,46.110.29.189
308,Vance,Zoellner,vzoellner8j@bloomberg.com,Male,102.41.49.220
309,Verile,Pasmore,vpasmore8k@bing.com,Female,190.126.67.45
310,Patrice,Balchin,pbalchin8l@ocn.ne.jp,Male,28.207.163.240
311,Mariam,Boddis,mboddis8m@studiopress.com,Female,217.116.98.44
312,Hendrik,Patrone,hpatrone8n@artisteer.com,Male,124.190.168.236
313,Sherri,O'Breen,sobreen8o@etsy.com,Female,148.172.168.37
314,Wilt,Clarkin,wclarkin8p@yale.edu,Male,14.196.134.138
315,Leo,Ziebart,lziebart8q@google.ru,Male,234.117.125.128
316,Dall,Fonzo,dfonzo8r@pen.io,Male,139.215.148.233
317,Lana,Kryszka,lkryszka8s@walmart.com,Female,21.92.61.238
318,Giuditta,Atte-Stone,gattestone8t@homestead.com,Female,130.112.201.39
319,Zorah,Seyers,zseyers8u@desdev.cn,Female,12.78.39.62
320,Yevette,Olyfant,yolyfant8v@tinyurl.com,Female,71.180.92.8
321,Hillier,Daws,hdaws8w@europa.eu,Male,151.189.115.101
322,Irvin,Keyden,ikeyden8x@apple.com,Male,98.48.248.69
323,Elke,Borham,eborham8y@ycombinator.com,Female,15.43.72.33
324,Daren,Gogerty,dgogerty8z@yandex.ru,Male,144.120.154.88
325,Bobbye,Bourdon,bbourdon90@ucla.edu,Female,93.146.4.245
326,Aylmar,McBride,amcbride91@blogspot.com,Male,209.16.110.150
327,Wilmar,Helbeck,whelbeck92@tamu.edu,Male,108.216.172.148
328,Amara,Blaiklock,ablaiklock93@sina.com.cn,Female,148.169.39.174
329,Merrill,Leneve,mleneve94@flickr.com,Female,27.74.71.15
330,Ermentrude,Trahearn,etrahearn95@weebly.com,Female,134.231.48.63
331,Clayborn,Bewshaw,cbewshaw96@abc.net.au,Male,13.245.219.53
332,Barnaby,Screas,bscreas97@tripod.com,Male,172.247.222.5
333,Sayers,Botright,sbotright98@theglobeandmail.com,Male,120.11.114.141
334,Marve,Kyncl,mkyncl99@drupal.org,Male,192.152.62.247
335,Farlie,Pharro,fpharro9a@google.es,Male,46.139.126.174
336,Steve,Yegorev,syegorev9b@google.ca,Male,200.40.51.171
337,Sharlene,Agnew,sagnew9c@apache.org,Female,52.121.147.177
338,Shauna,Brinsford,sbrinsford9d@1und1.de,Female,196.69.128.102
339,Val,Panichelli,vpanichelli9e@google.com.br,Male,43.64.107.51
340,Reilly,Grigoroni,rgrigoroni9f@ftc.gov,Male,138.199.67.51
341,Stefan,Gutierrez,sgutierrez9g@salon.com,Male,246.197.115.30
342,Dominga,Eve,deve9h@paypal.com,Female,64.247.152.44
343,Birch,Belt,bbelt9i@parallels.com,Male,86.3.77.231
344,Aldwin,Screach,ascreach9j@goodreads.com,Male,220.131.33.66
345,Kenton,Klawi,kklawi9k@bbb.org,Male,215.189.129.80
346,Zorah,Worsell,zworsell9l@constantcontact.com,Female,79.94.217.198
347,Hewet,Street,hstreet9m@newyorker.com,Male,169.25.252.180
348,Onofredo,Presnail,opresnail9n@ebay.co.uk,Male,151.141.163.18
349,Scott,Road,sroad9o@ihg.com,Male,64.158.82.218
350,Anallise,Crystal,acrystal9p@ftc.gov,Female,36.253.87.161
351,Pauly,MacGaughie,pmacgaughie9q@google.nl,Male,95.36.28.126
352,Palm,Coulter,pcoulter9r@alexa.com,Male,137.212.197.100
353,Blinny,Fitch,bfitch9s@ovh.net,Female,194.208.101.7
354,Gilbertine,Boydle,gboydle9t@japanpost.jp,Female,65.245.239.242
355,Pippo,Youll,pyoull9u@ed.gov,Male,51.80.82.39
356,Brett,Quenby,bquenby9v@wp.com,Female,69.104.28.12
357,Wyatan,Baybutt,wbaybutt9w@hhs.gov,Male,114.78.209.234
358,Ephrayim,Boatright,eboatright9x@mapy.cz,Male,142.218.161.198
359,Roz,Gyde,rgyde9y@a8.net,Female,142.103.83.91
360,Emlen,Gronowe,egronowe9z@usda.gov,Male,99.209.178.34
361,Fawnia,Maroney,fmaroneya0@sohu.com,Female,149.78.114.119
362,Anitra,Dellenty,adellentya1@reddit.com,Female,37.26.218.36
363,Carma,Navarijo,cnavarijoa2@zdnet.com,Female,29.188.203.7
364,Seumas,Ruckledge,sruckledgea3@hubpages.com,Male,238.29.224.60
365,Kev,Tythe,ktythea4@google.co.jp,Male,21.46.130.52
366,Hersch,Bools,hboolsa5@networkadvertising.org,Male,234.218.49.10
367,Batsheva,Wadwell,bwadwella6@pcworld.com,Female,219.47.93.187
368,Bryana,Leyes,bleyesa7@latimes.com,Female,179.51.244.245
369,Kristina,Pepperd,kpepperda8@oracle.com,Female,237.178.198.180
370,Timothee,Lerigo,tlerigoa9@cloudflare.com,Male,204.39.178.78
371,Pate,Trusslove,ptrussloveaa@paypal.com,Male,20.33.236.65
372,Hamilton,Hayhow,hhayhowab@google.com,Male,104.245.126.24
373,Joleen,Manby,jmanbyac@phpbb.com,Female,13.72.217.191
374,Hilde,Gilbart,hgilbartad@de.vu,Female,9.127.243.151
375,Iosep,Beddin,ibeddinae@earthlink.net,Male,88.157.219.143
376,Delila,Laity,dlaityaf@1und1.de,Female,47.255.204.51
377,Carey,Cumesky,ccumeskyag@taobao.com,Male,104.190.135.122
378,Yelena,Jeannaud,yjeannaudah@infoseek.co.jp,Female,109.19.115.48
379,Tera,Krop,tkropai@twitpic.com,Female,229.168.3.134
380,Vittoria,Jedrzejczyk,vjedrzejczykaj@tmall.com,Female,102.16.139.239
381,Tripp,Margett,tmargettak@weather.com,Male,222.77.139.155
382,Celinka,Hartfield,chartfieldal@deviantart.com,Female,154.187.91.163
383,Walden,Howsden,whowsdenam@nsw.gov.au,Male,89.111.161.143
384,Constantino,Clayton,cclaytonan@cdbaby.com,Male,6.235.140.163
385,Regina,Oakeshott,roakeshottao@jigsy.com,Female,134.92.238.232
386,Elsinore,Lardier,elardierap@usda.gov,Female,132.173.233.125
387,Nissie,Caro,ncaroaq@desdev.cn,Female,252.110.231.142
388,Joycelin,Mallard,jmallardar@buzzfeed.com,Female,206.210.83.109
389,Roberto,Kollas,rkollasas@ucsd.edu,Male,230.221.93.252
390,Leora,Sparkwill,lsparkwillat@behance.net,Female,71.107.44.3
391,Fairleigh,Baldack,fbaldackau@yandex.ru,Male,103.136.37.63
392,Sigismondo,Norrie,snorrieav@bloglovin.com,Male,156.2.221.124
393,Josh,Moogan,jmooganaw@wikimedia.org,Male,101.243.133.245
394,Corry,Mifflin,cmifflinax@bbc.co.uk,Female,170.84.115.27
395,Gonzales,Cordy,gcordyay@phpbb.com,Male,117.144.238.8
396,Iosep,Gotcher,igotcheraz@twitter.com,Male,128.30.31.201
397,Jacky,Blesdill,jblesdillb0@lycos.com,Male,234.5.150.244
398,Brewer,Whightman,bwhightmanb1@nifty.com,Male,216.55.102.37
399,Ardra,Kimmins,akimminsb2@businessinsider.com,Female,167.234.219.234
400,Pandora,Dounbare,pdounbareb3@biblegateway.com,Female,81.23.253.244
401,Ali,Whorlton,awhorltonb4@usatoday.com,Female,254.100.208.62
402,Yard,Cunradi,ycunradib5@wix.com,Male,194.208.31.232
403,Aveline,Porter,aporterb6@buzzfeed.com,Female,74.78.8.205
404,Teodora,Harlick,tharlickb7@harvard.edu,Female,108.196.201.100
405,Corinna,Keeffe,ckeeffeb8@japanpost.jp,Female,197.140.168.116
406,Kyle,Wildgoose,kwildgooseb9@independent.co.uk,Female,179.43.128.252
407,Dionne,Penhalewick,dpenhalewickba@samsung.com,Female,227.141.134.35
408,Dinah,Tatum,dtatumbb@nps.gov,Female,146.254.255.250
409,Russell,Kerwood,rkerwoodbc@hibu.com,Male,234.34.72.125
410,Dennie,Foxen,dfoxenbd@behance.net,Female,31.112.88.6
411,Maegan,Webburn,mwebburnbe@linkedin.com,Female,137.157.51.43
412,Hattie,Summersby,hsummersbybf@telegraph.co.uk,Female,55.111.122.57
413,Andra,Corselles,acorsellesbg@slashdot.org,Female,245.45.8.93
414,Lenard,Rottery,lrotterybh@businessweek.com,Male,167.154.0.42
415,Marlowe,Cummungs,mcummungsbi@prweb.com,Male,206.240.152.250
416,Pippo,Selkirk,pselkirkbj@4shared.com,Male,114.171.229.254
417,Jerome,Chatterton,jchattertonbk@state.tx.us,Male,225.112.186.229
418,Mary,Rackstraw,mrackstrawbl@sakura.ne.jp,Female,54.150.195.46
419,Rockwell,Aleavy,raleavybm@google.pl,Male,230.227.15.156
420,Zebedee,Casone,zcasonebn@usda.gov,Male,216.98.246.224
421,Kippy,Gudeman,kgudemanbo@artisteer.com,Male,198.84.72.208
422,Jule,Bahls,jbahlsbp@opera.com,Male,60.176.207.35
423,Delilah,Farney,dfarneybq@arizona.edu,Female,200.142.24.100
424,Barbee,Hamlen,bhamlenbr@goo.gl,Female,38.84.213.212
425,Bax,Blurton,bblurtonbs@icio.us,Male,13.99.121.50
426,Daloris,Showler,dshowlerbt@histats.com,Female,224.116.59.89
427,Melloney,De Simone,mdesimonebu@about.me,Female,225.33.174.241
428,Pebrook,Mapowder,pmapowderbv@wired.com,Male,31.120.1.220
429,Adria,Cramphorn,acramphornbw@marriott.com,Female,221.213.49.250
430,Jan,Stappard,jstappardbx@pinterest.com,Male,180.29.184.200
431,Bunni,Deetlefs,bdeetlefsby@nytimes.com,Female,188.179.157.124
432,Isacco,Preist,ipreistbz@behance.net,Male,144.89.78.151
433,Stanleigh,Imeson,simesonc0@home.pl,Male,49.144.148.148
434,Salmon,Murford,smurfordc1@facebook.com,Male,151.64.74.166
435,Marianne,Daveley,mdaveleyc2@webeden.co.uk,Female,52.192.206.154
436,Rickey,Abrami,rabramic3@elpais.com,Male,216.94.177.117
437,Alethea,Aubrun,aaubrunc4@virginia.edu,Female,219.98.247.233
438,Laurie,Abramcik,labramcikc5@webeden.co.uk,Female,36.159.30.246
439,Mirabella,Stonestreet,mstonestreetc6@vk.com,Female,137.118.243.150
440,Carmelia,McCluskey,cmccluskeyc7@ihg.com,Female,150.21.81.68
441,Abbye,Dranfield,adranfieldc8@elpais.com,Female,37.211.19.132
442,Neely,MacFarlan,nmacfarlanc9@comsenz.com,Female,239.31.22.85
443,Avivah,Parkhouse,aparkhouseca@bloglines.com,Female,234.189.208.178
444,Lula,Valance,lvalancecb@bigcartel.com,Female,170.12.46.21
445,Oralle,Brecher,obrechercc@vinaora.com,Female,159.122.85.239
446,Raymond,Varran,rvarrancd@hibu.com,Male,81.123.153.182
447,Eleni,Grew,egrewce@behance.net,Female,135.202.130.18
448,Gloriana,Volette,gvolettecf@barnesandnoble.com,Female,172.247.79.209
449,Taite,Dowker,tdowkercg@github.io,Male,97.44.168.183
450,Malvin,Cowles,mcowlesch@so-net.ne.jp,Male,117.69.7.50
451,Drucill,Gabbett,dgabbettci@auda.org.au,Female,141.128.246.227
452,Ingrim,Delia,ideliacj@accuweather.com,Male,171.129.209.102
453,Claudius,Bouzek,cbouzekck@ezinearticles.com,Male,80.5.215.116
454,Verina,Gobbett,vgobbettcl@quantcast.com,Female,191.55.52.44
455,Oralia,Lebang,olebangcm@pbs.org,Female,45.189.24.203
456,Aggi,Gebby,agebbycn@census.gov,Female,84.154.205.205
457,Brandy,Snooks,bsnooksco@gnu.org,Male,33.119.238.122
458,Abba,Salerno,asalernocp@comcast.net,Male,150.184.187.19
459,Latashia,Landsman,llandsmancq@sfgate.com,Female,43.206.203.225
460,Amberly,Abbet,aabbetcr@ucoz.ru,Female,161.230.112.172
461,Grange,Pude,gpudecs@huffingtonpost.com,Male,22.88.217.197
462,Darline,Keeley,dkeeleyct@mashable.com,Female,93.226.49.43
463,Ignaz,Sevior,iseviorcu@icq.com,Male,100.222.161.112
464,Lin,Litherland,llitherlandcv@go.com,Male,162.45.96.10
465,Mariam,Eykelhof,meykelhofcw@google.nl,Female,248.29.130.144
466,Diana,Paddock,dpaddockcx@cmu.edu,Female,252.64.252.251
467,Tildie,Pinks,tpinkscy@cargocollective.com,Female,34.159.4.142
468,Myrna,Hanney,mhanneycz@technorati.com,Female,177.102.108.99
469,Pris,Brunker,pbrunkerd0@theglobeandmail.com,Female,55.56.204.136
470,Nataniel,Thumim,nthumimd1@nationalgeographic.com,Male,126.233.131.147
471,Lauren,Crinage,lcrinaged2@adobe.com,Male,171.213.75.121
472,Rhody,Chishull,rchishulld3@tamu.edu,Female,98.109.156.32
473,Bernette,Raven,bravend4@latimes.com,Female,227.9.29.100
474,Ely,Merrien,emerriend5@cnet.com,Male,160.70.225.101
475,Kathie,Rodger,krodgerd6@redcross.org,Female,198.86.109.122
476,Tiebout,Dahlback,tdahlbackd7@uol.com.br,Male,150.77.248.31
477,Garey,Onraet,gonraetd8@networksolutions.com,Male,216.145.2.117
478,Hobard,Briscow,hbriscowd9@bravesites.com,Male,238.35.13.1
479,Dave,Stangoe,dstangoeda@reverbnation.com,Male,195.23.161.105
480,Elisabeth,Hambrick,ehambrickdb@stanford.edu,Female,115.74.210.152
481,Chaddie,Lerwill,clerwilldc@desdev.cn,Male,71.249.74.176
482,Morty,Addie,maddiedd@independent.co.uk,Male,7.155.59.139
483,Margaret,Lindfors,mlindforsde@infoseek.co.jp,Female,251.21.102.138
484,Valaria,Haslehurst,vhaslehurstdf@mozilla.org,Female,66.102.245.140
485,Sydney,Cunnah,scunnahdg@huffingtonpost.com,Female,220.248.171.189
486,Lisbeth,Cogger,lcoggerdh@chronoengine.com,Female,164.74.231.192
487,Orazio,Simonou,osimonoudi@people.com.cn,Male,230.107.150.207
488,Reeva,Btham,rbthamdj@nih.gov,Female,77.237.94.61
489,Goldarina,Mintoft,gmintoftdk@furl.net,Female,230.19.142.254
490,Smitty,Rawdall,srawdalldl@eventbrite.com,Male,15.241.238.157
491,Christian,Dorning,cdorningdm@cnet.com,Female,191.21.181.227
492,Enid,Flohard,efloharddn@wix.com,Female,48.73.139.50
493,Dorthy,Toovey,dtooveydo@nsw.gov.au,Female,112.187.251.185
494,Nydia,Gaddas,ngaddasdp@dropbox.com,Female,14.45.142.46
495,Evangelina,Mougeot,emougeotdq@china.com.cn,Female,177.82.75.132
496,Myrlene,Micheli,mmichelidr@examiner.com,Female,158.216.14.56
497,Beatriz,Rowett,browettds@odnoklassniki.ru,Female,80.81.112.214
498,Ambrosio,Bowra,abowradt@youku.com,Male,144.156.155.197
499,Forest,Ortiger,fortigerdu@pinterest.com,Male,232.155.86.179
500,Tybie,Idwal Evans,tidwalevansdv@xing.com,Female,181.161.35.153
501,Antone,O'Looney,aolooneydw@pen.io,Male,206.233.114.92
502,Graham,Johl,gjohldx@msu.edu,Male,207.9.179.223
503,Loleta,Heams,lheamsdy@hud.gov,Female,189.127.221.177
504,Henry,Eagan,heagandz@hexun.com,Male,56.187.129.154
505,Gherardo,Iggalden,giggaldene0@mac.com,Male,106.73.147.41
506,Hulda,Frushard,hfrusharde1@infoseek.co.jp,Female,123.170.49.180
507,Dori,Brudenell,dbrudenelle2@indiegogo.com,Female,214.242.155.36
508,Olenolin,Waszczyk,owaszczyke3@sun.com,Male,14.137.28.94
509,Raimund,Lowdwell,rlowdwelle4@cyberchimps.com,Male,209.244.225.160
510,Rory,Magarrell,rmagarrelle5@google.com,Female,73.223.202.170
511,Amye,Roelofsen,aroelofsene6@soup.io,Female,249.194.5.220
512,Thelma,Slee,tsleee7@clickbank.net,Female,71.94.164.229
513,Charley,Fensome,cfensomee8@bigcartel.com,Male,209.72.80.102
514,Jacquelynn,Ruhben,jruhbene9@chicagotribune.com,Female,99.80.169.83
515,Mattheus,Reardon,mreardonea@washingtonpost.com,Male,154.213.85.12
516,Brocky,Dashkov,bdashkoveb@netlog.com,Male,221.239.98.153
517,Devlin,Pryce,dpryceec@t-online.de,Male,162.205.158.149
518,Allie,Synder,asyndered@behance.net,Female,176.55.8.155
519,Augusto,Stockwell,astockwellee@dmoz.org,Male,109.39.226.6
520,Smith,Gedney,sgedneyef@mail.ru,Male,48.5.121.252
521,Hercule,Cecchetelli,hcecchetellieg@tinyurl.com,Male,193.151.36.219
522,Giana,Candey,gcandeyeh@bloglines.com,Female,248.83.2.217
523,Minta,Geldard,mgeldardei@elpais.com,Female,53.52.142.215
524,Domenico,Jeanenet,djeanenetej@hp.com,Male,82.159.167.56
525,Leonidas,Verrick,lverrickek@taobao.com,Male,51.105.219.214
526,Cami,Dauby,cdaubyel@networksolutions.com,Female,249.106.19.166
527,Tuckie,Austins,taustinsem@nytimes.com,Male,238.62.118.175
528,Shepard,Chatburn,schatburnen@hibu.com,Male,211.121.109.160
529,Cathie,Burner,cburnereo@edublogs.org,Female,97.199.170.234
530,Thorin,Royal,troyalep@washingtonpost.com,Male,55.153.187.201
531,Fred,Haquard,fhaquardeq@theatlantic.com,Female,143.51.31.240
532,Alexine,Rainbow,arainbower@squidoo.com,Female,197.222.45.5
533,Jaime,Atty,jattyes@infoseek.co.jp,Male,211.44.88.117
534,Merralee,Gillhespy,mgillhespyet@squidoo.com,Female,132.0.162.146
535,Karim,Kiera,kkieraeu@techcrunch.com,Male,63.106.182.59
536,Jacquelynn,Buntain,jbuntainev@hatena.ne.jp,Female,21.157.83.217
537,Rowney,McKendo,rmckendoew@uol.com.br,Male,21.48.224.4
538,Leena,Rochester,lrochesterex@webnode.com,Female,135.176.142.165
539,Fancy,Wynter,fwynterey@barnesandnoble.com,Female,148.50.90.153
540,Ondrea,Jandel,ojandelez@nyu.edu,Female,43.166.224.60
541,Lily,Goggin,lgogginf0@unesco.org,Female,151.167.246.165
542,Winny,Greville,wgrevillef1@4shared.com,Female,120.199.105.138
543,Wylma,Glanz,wglanzf2@gnu.org,Female,160.137.62.155
544,Ansell,Chichgar,achichgarf3@msn.com,Male,197.114.65.179
545,Nicolais,Noods,nnoodsf4@lycos.com,Male,170.216.112.184
546,Deena,Attersoll,dattersollf5@unicef.org,Female,215.125.199.169
547,Janice,Buckler,jbucklerf6@youku.com,Female,13.212.149.116
548,Megan,McErlaine,mmcerlainef7@smugmug.com,Female,145.225.44.111
549,Jayson,Norster,jnorsterf8@examiner.com,Male,31.183.164.164
550,Dodie,Downing,ddowningf9@time.com,Female,226.135.219.9
551,Madel,Archbutt,marchbuttfa@boston.com,Female,69.229.99.132
552,Elisa,Jakubovits,ejakubovitsfb@howstuffworks.com,Female,72.171.128.45
553,Quinn,Grossier,qgrossierfc@hp.com,Male,206.217.98.220
554,Alejoa,Marland,amarlandfd@elegantthemes.com,Male,51.31.59.142
555,Jarad,Pudner,jpudnerfe@linkedin.com,Male,146.93.204.219
556,Monro,Ashbridge,mashbridgeff@examiner.com,Male,194.231.184.91
557,Suzi,Abbis,sabbisfg@dmoz.org,Female,242.37.158.171
558,Bondon,Copner,bcopnerfh@macromedia.com,Male,121.33.123.192
559,Johnath,Reburn,jreburnfi@sourceforge.net,Female,108.180.39.41
560,Adan,Ferreli,aferrelifj@cpanel.net,Female,136.247.207.227
561,Fredi,Mindenhall,fmindenhallfk@w3.org,Female,65.2.205.202
562,Alla,Castellaccio,acastellacciofl@noaa.gov,Female,145.190.154.106
563,Floyd,Peachment,fpeachmentfm@twitpic.com,Male,35.17.179.244
564,Mersey,Jan,mjanfn@pinterest.com,Female,132.88.20.111
565,Esme,Ramstead,eramsteadfo@mtv.com,Female,107.165.49.224
566,Thorstein,Osment,tosmentfp@dailymail.co.uk,Male,253.110.119.86
567,Lucienne,Baudino,lbaudinofq@goo.ne.jp,Female,77.104.234.214
568,Aili,Rouch,arouchfr@zdnet.com,Female,118.197.30.180
569,Roanne,Shapcote,rshapcotefs@amazon.com,Female,73.142.41.162
570,Haley,Slainey,hslaineyft@theatlantic.com,Female,234.29.5.245
571,Lorena,Heintze,lheintzefu@skype.com,Female,170.229.147.68
572,Barr,Plaice,bplaicefv@netlog.com,Male,158.148.120.70
573,Eleonora,Demchen,edemchenfw@adobe.com,Female,75.39.198.221
574,Stefa,Hedworth,shedworthfx@paginegialle.it,Female,47.234.60.138
575,Kylen,Merali,kmeralify@usnews.com,Female,179.183.203.118
576,Bat,Nesbitt,bnesbittfz@timesonline.co.uk,Male,48.36.236.131
577,Rosina,Mandrey,rmandreyg0@newsvine.com,Female,96.152.190.59
578,Neel,Heugh,nheughg1@flickr.com,Male,181.223.99.193
579,Nonnah,Hay,nhayg2@nih.gov,Female,84.97.9.60
580,Marybelle,O' Connell,moconnellg3@wikipedia.org,Female,60.120.109.157
581,Eldridge,Verbrugghen,everbruggheng4@dropbox.com,Male,101.212.163.106
582,Esteban,Algeo,ealgeog5@dailymotion.com,Male,18.170.182.229
583,Caspar,Goodin,cgooding6@mysql.com,Male,105.46.225.214
584,Marie-jeanne,Rampage,mrampageg7@about.com,Female,251.163.169.146
585,Christye,Ralling,crallingg8@bbb.org,Female,11.46.175.126
586,Trevar,Haggerston,thaggerstong9@fastcompany.com,Male,210.98.246.92
587,Ebenezer,Brimilcombe,ebrimilcombega@nasa.gov,Male,247.108.212.170
588,Shermie,Yesenin,syeseningb@joomla.org,Male,173.158.10.3
589,Alayne,Siddeley,asiddeleygc@newsvine.com,Female,117.198.79.190
590,Miltie,Whenham,mwhenhamgd@deliciousdays.com,Male,190.188.42.28
591,Manya,Shevels,mshevelsge@pbs.org,Female,130.248.228.125
592,Claude,Maykin,cmaykingf@com.com,Female,104.79.253.131
593,Zeke,Sandes,zsandesgg@tripadvisor.com,Male,12.26.143.103
594,Zerk,Deeny,zdeenygh@mashable.com,Male,41.207.163.107
595,Bailey,McGrey,bmcgreygi@yale.edu,Male,148.213.72.179
596,Cary,Spacie,cspaciegj@nih.gov,Male,191.82.45.44
597,Danie,Drinkel,ddrinkelgk@yellowpages.com,Male,219.180.183.216
598,Meggy,Jouen,mjouengl@amazon.co.jp,Female,204.124.129.174
599,Birch,Baldacchino,bbaldacchinogm@dedecms.com,Male,97.245.234.123
600,Cchaddie,Malamore,cmalamoregn@drupal.org,Male,100.3.226.82
601,Bab,Vigar,bvigargo@odnoklassniki.ru,Female,22.45.245.58
602,Pepi,Rosenzveig,prosenzveiggp@mozilla.org,Female,230.242.194.51
603,Ferdy,Lowten,flowtengq@reference.com,Male,21.155.233.207
604,Darby,Joesbury,djoesburygr@elegantthemes.com,Male,183.4.235.177
605,Matthieu,Molden,mmoldengs@webmd.com,Male,141.194.3.31
606,Aldon,Hans,ahansgt@tumblr.com,Male,115.29.81.135
607,Evvy,McIntosh,emcintoshgu@army.mil,Female,177.32.87.37
608,Leonanie,Follin,lfollingv@webeden.co.uk,Female,74.107.103.240
609,Jeralee,Coburn,jcoburngw@cyberchimps.com,Female,43.97.185.112
610,Jilli,Faulconer,jfaulconergx@alibaba.com,Female,241.8.218.67
611,Lorry,Kaminski,lkaminskigy@google.it,Male,18.32.176.139
612,Garvey,Isitt,gisittgz@examiner.com,Male,42.104.120.48
613,Sally,Bittleson,sbittlesonh0@gravatar.com,Female,141.234.159.151
614,Reinald,Ridges,rridgesh1@taobao.com,Male,202.39.204.56
615,Ellwood,Rushman,erushmanh2@nifty.com,Male,21.164.64.249
616,Wanids,Broadwell,wbroadwellh3@freewebs.com,Female,242.39.66.158
617,Karim,Walkowski,kwalkowskih4@g.co,Male,68.144.91.244
618,Teresita,Laweles,tlawelesh5@nyu.edu,Female,65.68.206.1
619,Julienne,Culshew,jculshewh6@dot.gov,Female,23.6.131.243
620,Alasdair,Hallock,ahallockh7@latimes.com,Male,183.39.205.192
621,Lyell,Siggers,lsiggersh8@vkontakte.ru,Male,18.61.118.54
622,Sena,Benard,sbenardh9@shinystat.com,Female,27.111.242.227
623,Bibbie,Spender,bspenderha@youtube.com,Female,143.101.169.195
624,Neysa,Verick,nverickhb@sitemeter.com,Female,141.172.156.2
625,Almira,Kingstne,akingstnehc@statcounter.com,Female,140.160.207.160
626,Clywd,Tilsley,ctilsleyhd@stumbleupon.com,Male,27.110.158.137
627,Gabriello,Bohling,gbohlinghe@networkadvertising.org,Male,166.226.6.175
628,Cody,Keywood,ckeywoodhf@whitehouse.gov,Male,37.6.201.106
629,Giacobo,Fishley,gfishleyhg@paypal.com,Male,122.173.56.45
630,Lorelei,McAvaddy,lmcavaddyhh@wp.com,Female,225.221.103.83
631,Anita,Vicker,avickerhi@moonfruit.com,Female,88.71.119.242
632,Traver,Vinau,tvinauhj@ow.ly,Male,28.141.146.70
633,Venus,Rockcliff,vrockcliffhk@myspace.com,Female,140.230.245.15
634,Erhard,Crebbin,ecrebbinhl@marriott.com,Male,106.37.200.96
635,Malvina,Tregale,mtregalehm@exblog.jp,Female,69.145.226.240
636,Larine,Jose,ljosehn@latimes.com,Female,158.73.16.158
637,Lanie,Heasman,lheasmanho@goo.gl,Male,218.87.70.159
638,Ian,Merrell,imerrellhp@oakley.com,Male,75.233.247.106
639,Micheal,Robinette,mrobinettehq@mashable.com,Male,93.199.180.74
640,Celene,Wixon,cwixonhr@weebly.com,Female,92.41.116.155
641,Hilda,Earingey,hearingeyhs@xing.com,Female,160.155.154.79
642,Bernadina,Mantione,bmantioneht@sbwire.com,Female,141.186.152.161
643,Sharla,Colloff,scolloffhu@facebook.com,Female,10.234.243.203
644,Cornela,Crate,ccratehv@indiatimes.com,Female,42.177.150.189
645,Wain,Ballendine,wballendinehw@nytimes.com,Male,29.36.53.151
646,Flory,Higford,fhigfordhx@reference.com,Male,165.239.178.42
647,Amye,Arbor,aarborhy@usnews.com,Female,41.137.88.236
648,Paola,Ivins,pivinshz@state.gov,Female,118.80.1.255
649,Zora,Rosier,zrosieri0@ycombinator.com,Female,254.142.147.34
650,Emmet,Ransbury,eransburyi1@google.com.au,Male,105.31.108.161
651,Job,Matus,jmatusi2@yolasite.com,Male,208.220.186.93
652,Pace,Branton,pbrantoni3@earthlink.net,Male,177.70.214.222
653,Vin,Sherar,vsherari4@bing.com,Female,144.212.255.107
654,Jackson,Gohn,jgohni5@nationalgeographic.com,Male,55.192.77.228
655,Marietta,Acedo,macedoi6@baidu.com,Female,219.154.54.152
656,Joellen,Dwire,jdwirei7@cmu.edu,Female,155.145.32.84
657,Bevan,Palleske,bpalleskei8@bbb.org,Male,168.9.38.106
658,Isabella,Shafier,ishafieri9@cloudflare.com,Female,129.93.52.121
659,Melli,Bowmen,mbowmenia@imgur.com,Female,55.135.119.119
660,Melesa,World,mworldib@yellowpages.com,Female,113.254.158.95
661,Nathan,Chitter,nchitteric@yahoo.co.jp,Male,197.76.66.40
662,Bailey,Cosens,bcosensid@phpbb.com,Male,85.124.139.254
663,Sterne,Catherall,scatherallie@cmu.edu,Male,203.28.144.155
664,Anatol,Sugar,asugarif@odnoklassniki.ru,Male,174.80.84.203
665,Diane,Lafuente,dlafuenteig@123-reg.co.uk,Female,27.232.92.69
666,Prentiss,Merigon,pmerigonih@about.me,Male,191.200.181.192
667,Annabelle,Aykroyd,aaykroydii@dion.ne.jp,Female,24.49.249.7
668,Netti,Edmonson,nedmonsonij@hc360.com,Female,143.255.58.223
669,Remy,Leonards,rleonardsik@go.com,Female,91.172.68.178
670,Klara,Twallin,ktwallinil@google.pl,Female,23.61.156.130
671,Aeriel,Hennington,ahenningtonim@arstechnica.com,Female,10.193.90.210
672,Stefa,Sells,ssellsin@behance.net,Female,249.133.254.255
673,Umeko,Caen,ucaenio@etsy.com,Female,148.212.74.45
674,Sigismund,Inston,sinstonip@hhs.gov,Male,55.215.198.229
675,Hendrik,Brumpton,hbrumptoniq@hibu.com,Male,247.37.42.125
676,Augusto,Coils,acoilsir@amazon.co.jp,Male,119.69.92.131
677,Shea,Kegley,skegleyis@flavors.me,Male,12.70.90.226
678,Patrick,Pittman,ppittmanit@desdev.cn,Male,202.187.33.155
679,Tedmund,Argente,targenteiu@nba.com,Male,35.202.53.112
680,Inglebert,Castro,icastroiv@nps.gov,Male,14.241.210.63
681,Tom,Mandal,tmandaliw@webeden.co.uk,Male,92.123.102.199
682,Jan,Lorand,jlorandix@blogger.com,Male,96.191.14.203
683,Maurits,Bellefant,mbellefantiy@rambler.ru,Male,16.114.87.36
684,Biddy,Lachaize,blachaizeiz@youtu.be,Female,166.144.221.232
685,Rachele,Johanchon,rjohanchonj0@google.com.hk,Female,146.59.118.76
686,Mortie,May,mmayj1@dyndns.org,Male,182.83.58.165
687,Viole,Simonsen,vsimonsenj2@zdnet.com,Female,46.12.201.104
688,Yolanda,Grinnov,ygrinnovj3@imageshack.us,Female,146.129.175.236
689,Murdoch,Staite,mstaitej4@timesonline.co.uk,Male,7.222.129.230
690,Haroun,Hunnaball,hhunnaballj5@jigsy.com,Male,120.189.145.230
691,Felicle,Pawlick,fpawlickj6@biblegateway.com,Female,43.31.108.154
692,Judi,Fike,jfikej7@dion.ne.jp,Female,59.251.116.115
693,Kass,Yann,kyannj8@dagondesign.com,Female,170.19.214.246
694,Susette,Hamshar,shamsharj9@amazon.co.uk,Female,143.17.151.41
695,Babs,Jewess,bjewessja@huffingtonpost.com,Female,247.60.124.42
696,Gilligan,Nowland,gnowlandjb@jigsy.com,Female,24.71.109.163
697,Sheffy,Heyball,sheyballjc@wix.com,Male,189.67.188.238
698,Rudiger,Pinnegar,rpinnegarjd@photobucket.com,Male,66.67.170.98
699,Christel,Vinick,cvinickje@smugmug.com,Female,252.77.212.111
700,Alano,Rozzell,arozzelljf@admin.ch,Male,36.255.221.172
701,Naoma,Blesdill,nblesdilljg@hubpages.com,Female,142.54.50.201
702,Sim,Cabrara,scabrarajh@nhs.uk,Male,239.143.31.177
703,Veda,Geroldo,vgeroldoji@imageshack.us,Female,183.223.152.135
704,Harry,Dix,hdixjj@jigsy.com,Male,233.221.157.57
705,Kylila,Baigrie,kbaigriejk@slideshare.net,Female,160.233.136.82
706,Gwen,Iremonger,giremongerjl@posterous.com,Female,194.4.165.171
707,Justine,Agnew,jagnewjm@github.io,Female,215.121.176.26
708,Cobb,Fuentez,cfuentezjn@dropbox.com,Male,251.130.139.159
709,Aileen,McKeand,amckeandjo@deliciousdays.com,Female,194.21.111.97
710,Mordy,Pattingson,mpattingsonjp@topsy.com,Male,137.2.174.21
711,Llewellyn,Peacham,lpeachamjq@woothemes.com,Male,38.152.175.81
712,Hirsch,Cheer,hcheerjr@dell.com,Male,201.61.128.213
713,Justus,Masey,jmaseyjs@reverbnation.com,Male,101.48.187.95
714,Karie,Yarnall,kyarnalljt@unblog.fr,Female,13.161.165.250
715,Kermie,Zylberdik,kzylberdikju@drupal.org,Male,11.117.159.52
716,Natalya,Withrop,nwithropjv@state.tx.us,Female,4.60.103.216
717,Nikolos,Habble,nhabblejw@squidoo.com,Male,11.135.107.195
718,Rheta,Balmer,rbalmerjx@nbcnews.com,Female,131.31.117.143
719,Cayla,Westwood,cwestwoodjy@nps.gov,Female,143.169.41.185
720,Bengt,Hamber,bhamberjz@woothemes.com,Male,196.190.196.199
721,Anissa,Balcombe,abalcombek0@timesonline.co.uk,Female,43.115.79.170
722,Tamiko,De Mico,tdemicok1@is.gd,Female,119.48.139.196
723,Mikel,Vaughn,mvaughnk2@hud.gov,Male,202.165.114.53
724,Cicely,Gaunter,cgaunterk3@businessinsider.com,Female,74.181.82.213
725,Swen,Cosslett,scosslettk4@tinyurl.com,Male,154.118.136.89
726,Laurens,Belward,lbelwardk5@archive.org,Male,108.197.99.112
727,Arleen,Brigg,abriggk6@last.fm,Female,42.111.12.131
728,Alaster,Asee,aaseek7@mayoclinic.com,Male,150.67.77.156
729,Elliott,Winnett,ewinnettk8@dailymail.co.uk,Male,187.218.93.195
730,Merle,Thowless,mthowlessk9@soup.io,Male,212.173.129.139
731,Boone,Caswall,bcaswallka@eventbrite.com,Male,221.203.137.14
732,Philbert,Fairs,pfairskb@4shared.com,Male,191.40.50.178
733,Sybilla,Edgin,sedginkc@cafepress.com,Female,59.39.131.239
734,Monika,Ingray,mingraykd@etsy.com,Female,145.69.164.253
735,Orlando,Spehr,ospehrke@ustream.tv,Male,70.242.201.22
736,Rosamund,Elsby,relsbykf@domainmarket.com,Female,239.10.52.229
737,Hyacintha,Kenninghan,hkenninghankg@tripadvisor.com,Female,169.97.197.64
738,Gerhard,Dunnion,gdunnionkh@newsvine.com,Male,181.232.254.146
739,Kelby,Vaughan-Hughes,kvaughanhugheski@moonfruit.com,Male,188.30.244.148
740,Bride,Spacey,bspaceykj@bluehost.com,Female,32.190.188.66
741,Clemmy,Jobes,cjobeskk@umn.edu,Female,123.70.33.95
742,Kipp,Haxbie,khaxbiekl@paypal.com,Male,221.178.253.90
743,Floria,Mephan,fmephankm@webmd.com,Female,230.239.238.24
744,Dilan,Lowten,dlowtenkn@etsy.com,Male,46.56.114.34
745,Dalis,Brunelleschi,dbrunelleschiko@nhs.uk,Male,90.111.33.230
746,Dareen,Church,dchurchkp@reverbnation.com,Female,3.172.121.240
747,Julianne,Crowter,jcrowterkq@google.com.br,Female,32.235.40.31
748,Babs,Benninger,bbenningerkr@bbc.co.uk,Female,174.73.159.254
749,Bernardo,Ordidge,bordidgeks@mozilla.com,Male,245.179.124.102
750,Herbie,Rickeard,hrickeardkt@prnewswire.com,Male,231.131.75.5
751,Rebeka,Hosten,rhostenku@imgur.com,Female,10.207.239.100
752,Berkeley,Bensusan,bbensusankv@a8.net,Male,101.224.13.113
753,Jeth,Tomkowicz,jtomkowiczkw@amazonaws.com,Male,153.223.62.143
754,Tersina,Clatworthy,tclatworthykx@alibaba.com,Female,35.31.26.95
755,Leontyne,Clatworthy,lclatworthyky@mlb.com,Female,115.81.71.209
756,Kenn,Zolini,kzolinikz@ft.com,Male,147.33.82.61
757,Barr,Morse,bmorsel0@sourceforge.net,Male,22.0.219.186
758,Heather,De Hoogh,hdehooghl1@cam.ac.uk,Female,155.98.11.42
759,Kimberlee,Roulston,kroulstonl2@admin.ch,Female,224.87.241.153
760,Amery,Everal,aeverall3@free.fr,Male,229.122.232.140
761,Egan,Dockrey,edockreyl4@eepurl.com,Male,31.173.25.100
762,Micah,Elphinstone,melphinstonel5@apache.org,Male,167.112.228.144
763,Shoshanna,Stearley,sstearleyl6@blogspot.com,Female,33.213.193.194
764,Valma,Offill,voffilll7@wordpress.com,Female,60.156.33.35
765,Lindsay,Boam,lboaml8@examiner.com,Female,248.142.103.232
766,Louis,Emblen,lemblenl9@kickstarter.com,Male,61.47.236.11
767,Ced,Enderby,cenderbyla@ed.gov,Male,187.225.206.114
768,Addie,Antonescu,aantonesculb@devhub.com,Female,177.126.17.154
769,Fernande,McAloren,fmcalorenlc@arstechnica.com,Female,209.79.46.198
770,Cassandry,Newbold,cnewboldld@nyu.edu,Female,114.153.10.234
771,Arie,Habron,ahabronle@about.me,Male,202.122.12.104
772,Hunter,Willers,hwillerslf@bloomberg.com,Male,6.33.254.43
773,Krisha,Willingale,kwillingalelg@chicagotribune.com,Male,197.232.145.93
774,Elayne,Laurencot,elaurencotlh@networkadvertising.org,Female,43.142.57.4
775,Hewitt,Cherry Holme,hcherryholmeli@prlog.org,Male,102.65.113.237
776,Forest,Allden,falldenlj@aol.com,Male,36.214.61.6
777,Christoph,Weins,cweinslk@businessinsider.com,Male,129.24.167.51
778,Denys,Anshell,danshellll@spiegel.de,Female,218.162.70.149
779,Cary,Shadfourth,cshadfourthlm@gnu.org,Male,59.38.162.200
780,Jodie,Moggie,jmoggieln@sphinn.com,Female,144.154.24.0
781,Homer,Hackworth,hhackworthlo@hud.gov,Male,80.17.210.69
782,Jeniffer,Stonelake,jstonelakelp@deviantart.com,Female,21.160.67.145
783,Sherm,Paterson,spatersonlq@bing.com,Male,221.112.45.118
784,Halli,Loidl,hloidllr@bing.com,Female,201.37.66.210
785,Saunderson,Krochmann,skrochmannls@marriott.com,Male,104.125.154.106
786,Garvy,Stronge,gstrongelt@cmu.edu,Male,107.155.61.105
787,Shelley,Pelerin,spelerinlu@google.pl,Male,187.252.155.231
788,Ceciley,Whalebelly,cwhalebellylv@dropbox.com,Female,206.162.71.35
789,Anthia,Large,alargelw@paypal.com,Female,10.246.62.188
790,Conant,Finn,cfinnlx@people.com.cn,Male,112.243.104.199
791,Anya,Espada,aespadaly@nih.gov,Female,84.219.48.37
792,Anna-maria,Kirckman,akirckmanlz@ifeng.com,Female,107.156.41.20
793,Joletta,Skirvin,jskirvinm0@tripod.com,Female,79.46.205.85
794,Ashien,Sanbrooke,asanbrookem1@seattletimes.com,Female,166.85.71.84
795,Dev,Sewart,dsewartm2@howstuffworks.com,Male,34.67.89.58
796,Hendrik,Pretti,hprettim3@bloomberg.com,Male,189.37.235.52
797,Linc,Petru,lpetrum4@ehow.com,Male,69.115.150.241
798,Ekaterina,Shankle,eshanklem5@google.fr,Female,20.176.151.30
799,Zachariah,Marrow,zmarrowm6@reference.com,Male,80.196.117.248
800,Berri,Morad,bmoradm7@foxnews.com,Female,18.248.169.141
801,Whit,Grayland,wgraylandm8@cbsnews.com,Male,163.66.186.124
802,Louise,Geere,lgeerem9@so-net.ne.jp,Female,80.211.205.211
803,Fanchette,Sydenham,fsydenhamma@pen.io,Female,3.207.38.119
804,Lindi,Grigor,lgrigormb@eventbrite.com,Female,141.35.198.71
805,Valentijn,Bassett,vbassettmc@patch.com,Male,31.199.255.210
806,Michal,Dudderidge,mdudderidgemd@ning.com,Male,250.226.186.140
807,Griffy,Casiroli,gcasirolime@ask.com,Male,75.220.247.73
808,Erica,Dobbison,edobbisonmf@so-net.ne.jp,Female,103.239.139.173
809,Glyn,Murty,gmurtymg@surveymonkey.com,Male,25.196.204.122
810,Thurston,Cardall,tcardallmh@desdev.cn,Male,206.64.177.165
811,Natalya,Elkins,nelkinsmi@tripod.com,Female,211.112.245.185
812,Tootsie,Vost,tvostmj@constantcontact.com,Female,158.50.200.150
813,Janeen,Genicke,jgenickemk@cnbc.com,Female,120.144.33.98
814,Neille,Shieldon,nshieldonml@youtu.be,Female,240.36.192.194
815,Sophronia,Laweles,slawelesmm@msn.com,Female,56.62.147.30
816,Rollo,Petrina,rpetrinamn@elpais.com,Male,233.244.36.164
817,Olenka,Wickins,owickinsmo@independent.co.uk,Female,80.85.119.52
818,Eveleen,Riddles,eriddlesmp@amazon.de,Female,137.132.6.168
819,Georgiana,Ellinor,gellinormq@scribd.com,Female,193.189.9.134
820,Ninon,Saggs,nsaggsmr@ycombinator.com,Female,228.161.150.34
821,Tiphany,Kiddy,tkiddyms@dyndns.org,Female,90.59.236.207
822,Louie,Daysh,ldayshmt@canalblog.com,Male,220.30.214.86
823,Romain,Dummigan,rdummiganmu@1688.com,Male,139.242.138.138
824,Adelaida,Sanz,asanzmv@amazon.de,Female,204.57.209.167
825,Jerrome,Maccraw,jmaccrawmw@java.com,Male,178.175.175.168
826,Cristin,Gresch,cgreschmx@icq.com,Female,99.5.112.66
827,Terra,Besnardeau,tbesnardeaumy@ycombinator.com,Female,87.169.195.48
828,Parsifal,Astbury,pastburymz@jigsy.com,Male,138.246.143.217
829,Glenda,Talby,gtalbyn0@sciencedirect.com,Female,255.39.25.200
830,Rolland,Slinger,rslingern1@phpbb.com,Male,180.208.142.114
831,Guthrie,Phettiplace,gphettiplacen2@discovery.com,Male,131.247.134.35
832,Donnie,Lornsen,dlornsenn3@unblog.fr,Female,176.27.139.18
833,Brynne,Orange,borangen4@usatoday.com,Female,121.139.2.208
834,Hobard,Trippitt,htrippittn5@slate.com,Male,241.39.154.53
835,Egan,Petrello,epetrellon6@si.edu,Male,185.195.118.107
836,Dodi,Mannion,dmannionn7@quantcast.com,Female,115.105.206.173
837,Thurstan,Newburn,tnewburnn8@cam.ac.uk,Male,51.176.24.154
838,Elden,Baudassi,ebaudassin9@shareasale.com,Male,16.230.94.78
839,Benedikt,Duckers,bduckersna@sun.com,Male,31.142.230.137
840,Travus,Simioli,tsimiolinb@t.co,Male,83.224.240.149
841,Lilllie,Gargett,lgargettnc@skyrock.com,Female,193.200.221.21
842,Andris,Sibborn,asibbornnd@wordpress.org,Male,31.248.150.44
843,Clair,Joy,cjoyne@skyrock.com,Male,138.13.122.207
844,Patrice,Killiner,pkillinernf@army.mil,Male,129.115.153.236
845,Basilio,Gilsthorpe,bgilsthorpeng@china.com.cn,Male,221.226.10.166
846,Gelya,Ferronet,gferronetnh@macromedia.com,Female,53.84.38.135
847,Webb,Antonowicz,wantonowiczni@cisco.com,Male,255.172.186.100
848,Melony,Booy,mbooynj@virginia.edu,Female,46.34.80.16
849,Lavena,Grigore,lgrigorenk@altervista.org,Female,179.183.41.92
850,Cicely,Ren,crennl@github.io,Female,23.13.182.162
851,Erica,Chippin,echippinnm@rakuten.co.jp,Female,159.104.249.232
852,Ricoriki,Zanioletti,rzaniolettinn@storify.com,Male,3.173.9.32
853,Boone,Prince,bprinceno@technorati.com,Male,35.195.213.171
854,Toinette,Fechnie,tfechnienp@ibm.com,Female,121.133.144.204
855,Adria,Waterhowse,awaterhowsenq@blogtalkradio.com,Female,172.217.227.168
856,Lusa,Fellgate,lfellgatenr@friendfeed.com,Female,73.226.101.143
857,Georgiana,Baldin,gbaldinns@nature.com,Female,244.29.35.31
858,Gar,Varga,gvargant@exblog.jp,Male,9.191.78.184
859,Mela,Duffrie,mduffrienu@linkedin.com,Female,171.115.125.102
860,Kilian,Hurtado,khurtadonv@oracle.com,Male,249.164.232.191
861,Moises,Eton,metonnw@bandcamp.com,Male,237.8.0.57
862,Darrell,Purchall,dpurchallnx@uiuc.edu,Male,184.33.180.88
863,Kaitlyn,Joselevitz,kjoselevitzny@weebly.com,Female,143.134.43.77
864,Lorrie,Eaddy,leaddynz@census.gov,Male,177.254.192.45
865,Monte,Wackly,mwacklyo0@yellowpages.com,Male,159.91.139.118
866,Rose,Rawling,rrawlingo1@parallels.com,Female,136.3.8.220
867,Ricca,Hatzar,rhatzaro2@edublogs.org,Female,236.161.134.86
868,Cleveland,Gajownik,cgajowniko3@odnoklassniki.ru,Male,190.213.197.185
869,Dyanna,Soppitt,dsoppitto4@cdbaby.com,Female,201.219.15.2
870,Evangelina,Afonso,eafonsoo5@woothemes.com,Female,136.143.179.28
871,Aura,McHugh,amchugho6@cmu.edu,Female,233.51.75.58
872,Babb,Standidge,bstandidgeo7@abc.net.au,Female,99.55.121.23
873,Lelah,Kingsland,lkingslando8@tinypic.com,Female,252.54.180.73
874,Mal,Marcroft,mmarcrofto9@vk.com,Male,64.75.173.199
875,Carmencita,Stafford,cstaffordoa@tinypic.com,Female,39.97.0.16
876,Misha,Espinal,mespinalob@aboutads.info,Female,233.133.134.134
877,Annabelle,Skim,askimoc@cornell.edu,Female,253.23.191.156
878,Maison,Busek,mbusekod@bloglines.com,Male,116.245.125.154
879,Giulio,Kolakovic,gkolakovicoe@bandcamp.com,Male,39.196.213.47
880,Wittie,Melbourn,wmelbournof@privacy.gov.au,Male,184.127.164.224
881,Deana,Tulloch,dtullochog@ucsd.edu,Female,214.104.173.32
882,Fionnula,Pirrie,fpirrieoh@vinaora.com,Female,49.93.228.60
883,Felicia,Bees,fbeesoi@fc2.com,Female,247.199.38.102
884,Dorie,Demonge,ddemongeoj@123-reg.co.uk,Male,165.120.202.216
885,Genny,Bantock,gbantockok@whitehouse.gov,Female,145.111.254.5
886,Freemon,Kenway,fkenwayol@scribd.com,Male,104.3.68.121
887,Stu,Burl,sburlom@cyberchimps.com,Male,187.148.86.172
888,Chantal,MacKenny,cmackennyon@issuu.com,Female,229.49.192.138
889,Torry,Baggallay,tbaggallayoo@chron.com,Male,233.17.11.137
890,Marcos,Gartshore,mgartshoreop@baidu.com,Male,133.155.116.191
891,Roby,Elston,relstonoq@liveinternet.ru,Female,85.229.104.171
892,Barbaraanne,Gardener,bgardeneror@de.vu,Female,73.114.21.67
893,Husein,Raynham,hraynhamos@sfgate.com,Male,196.239.247.149
894,Holmes,Jeffray,hjeffrayot@com.com,Male,112.18.7.204
895,Nilson,Kestin,nkestinou@woothemes.com,Male,180.55.229.125
896,Carolina,Templeton,ctempletonov@netlog.com,Female,135.54.147.8
897,Kippy,Purdy,kpurdyow@ibm.com,Male,240.114.50.58
898,Sigismund,Shiel,sshielox@meetup.com,Male,200.176.152.215
899,Linnell,Inch,linchoy@sbwire.com,Female,64.178.233.193
900,Catriona,Peete,cpeeteoz@wsj.com,Female,50.66.182.119
901,Laryssa,Scolts,lscoltsp0@deviantart.com,Female,35.14.103.68
902,Rebecka,Llewellen,rllewellenp1@prweb.com,Female,8.195.133.31
903,Barbee,Crush,bcrushp2@dropbox.com,Female,90.180.109.163
904,Margarette,Zmitrovich,mzmitrovichp3@hc360.com,Female,176.112.250.229
905,Zacharie,Searby,zsearbyp4@wikimedia.org,Male,33.173.144.2
906,Henrik,Korn,hkornp5@mit.edu,Male,30.244.14.52
907,Irv,Longworth,ilongworthp6@wikipedia.org,Male,252.69.20.42
908,Wilone,Gagin,wgaginp7@ca.gov,Female,12.189.40.136
909,Krisha,Spall,kspallp8@comsenz.com,Male,109.218.75.178
910,Dayna,Dummer,ddummerp9@vk.com,Female,29.143.64.217
911,Dorian,Weigh,dweighpa@icq.com,Female,14.116.138.249
912,Mendy,Showalter,mshowalterpb@behance.net,Male,122.94.239.22
913,Ennis,Beggs,ebeggspc@hubpages.com,Male,154.104.200.146
914,Rusty,McGrane,rmcgranepd@icio.us,Male,34.130.187.132
915,Rhetta,Clara,rclarape@wsj.com,Female,155.103.173.196
916,Jayne,Durant,jdurantpf@freewebs.com,Female,190.143.225.220
917,Mercie,Ubach,mubachpg@alexa.com,Female,102.120.112.219
918,Britta,Dabnor,bdabnorph@who.int,Female,10.170.19.194
919,Riki,Hubeaux,rhubeauxpi@forbes.com,Female,48.180.139.108
920,Parker,Weildish,pweildishpj@myspace.com,Male,200.179.185.91
921,Jedd,Cousen,jcousenpk@accuweather.com,Male,59.180.113.50
922,Leonid,Slisby,lslisbypl@illinois.edu,Male,96.113.181.73
923,Augustin,Gibben,agibbenpm@squarespace.com,Male,44.24.123.5
924,Reggie,Larway,rlarwaypn@slideshare.net,Male,95.86.152.30
925,Lillian,Di Gregorio,ldigregoriopo@cpanel.net,Female,39.69.62.210
926,Enrica,Inglesant,einglesantpp@infoseek.co.jp,Female,81.46.61.62
927,Dione,de Marco,ddemarcopq@nasa.gov,Female,114.173.31.233
928,Jacklin,Perritt,jperrittpr@cloudflare.com,Female,243.17.211.160
929,Nathalie,Firman,nfirmanps@joomla.org,Female,176.135.226.96
930,Thorsten,Wansbury,twansburypt@census.gov,Male,119.237.173.221
931,Daniela,Esome,desomepu@arstechnica.com,Female,117.64.34.206
932,Katharyn,Schiesterl,kschiesterlpv@php.net,Female,18.78.77.205
933,Jamie,Greason,jgreasonpw@aol.com,Female,18.76.70.183
934,Asia,Crambie,acrambiepx@themeforest.net,Female,121.196.89.171
935,Logan,O'Crevan,locrevanpy@is.gd,Male,220.165.95.76
936,Wyatan,Thieme,wthiemepz@foxnews.com,Male,81.198.14.99
937,Bailie,Catteroll,bcatterollq0@cnn.com,Male,123.112.80.211
938,Jerrie,Abrahamovitz,jabrahamovitzq1@netlog.com,Male,35.139.41.26
939,Howey,Purcell,hpurcellq2@cnet.com,Male,199.46.121.164
940,Bertie,Hellcat,bhellcatq3@hhs.gov,Female,120.101.248.40
941,Seline,Ludmann,sludmannq4@clickbank.net,Female,197.12.42.244
942,Virginia,Toderi,vtoderiq5@bigcartel.com,Female,71.72.160.94
943,Sydney,Loughman,sloughmanq6@printfriendly.com,Female,133.245.165.27
944,Abbie,Dibben,adibbenq7@yellowbook.com,Male,216.226.207.200
945,Edik,Warry,ewarryq8@walmart.com,Male,103.133.146.151
946,Marylee,Harsnipe,mharsnipeq9@blinklist.com,Female,218.14.157.36
947,Hendrick,Paquet,hpaquetqa@businessinsider.com,Male,61.245.6.90
948,Fletch,de Clerc,fdeclercqb@purevolume.com,Male,32.27.214.31
949,Whit,Manwell,wmanwellqc@so-net.ne.jp,Male,117.17.95.251
950,Mano,Frederick,mfrederickqd@bloglines.com,Male,40.68.130.4
951,Shauna,De La Hay,sdelahayqe@ft.com,Female,164.11.240.83
952,Griz,Moresby,gmoresbyqf@gov.uk,Male,117.123.77.71
953,Hendrik,Peachment,hpeachmentqg@google.es,Male,32.190.191.201
954,Melony,Karpenya,mkarpenyaqh@diigo.com,Female,170.242.167.21
955,Randy,Putt,rputtqi@yolasite.com,Male,90.141.5.108
956,Romonda,Penkethman,rpenkethmanqj@unesco.org,Female,73.182.2.16
957,Christel,Raubenheimer,craubenheimerqk@oakley.com,Female,133.163.121.252
958,Letti,Desorts,ldesortsql@ehow.com,Female,167.118.128.109
959,Tomasine,Heaney`,theaneyqm@senate.gov,Female,62.102.130.34
960,Dal,Loftin,dloftinqn@slashdot.org,Male,211.152.105.154
961,Janna,Merrigans,jmerrigansqo@google.com.au,Female,82.19.156.248
962,Dorian,Thorlby,dthorlbyqp@dot.gov,Male,93.204.90.59
963,Der,Breckon,dbreckonqq@wp.com,Male,58.103.157.74
964,Margaretha,Timbrell,mtimbrellqr@123-reg.co.uk,Female,4.110.8.132
965,Liva,Rivitt,lrivittqs@wordpress.com,Female,39.151.206.215
966,Ingaborg,Bestwall,ibestwallqt@vinaora.com,Female,180.142.156.2
967,Thorn,Dibson,tdibsonqu@technorati.com,Male,241.140.117.33
968,Web,Wimmer,wwimmerqv@tiny.cc,Male,26.54.41.157
969,Tine,McCart,tmccartqw@yelp.com,Female,173.45.213.143
970,Roze,Reek,rreekqx@army.mil,Female,90.200.170.62
971,Ashil,MacArthur,amacarthurqy@oracle.com,Female,9.207.129.228
972,Shela,Coronado,scoronadoqz@wiley.com,Female,40.81.251.164
973,Sibylla,Chidlow,schidlowr0@buzzfeed.com,Female,52.105.167.151
974,Nicol,Connichie,nconnichier1@google.co.jp,Female,51.233.48.137
975,Christina,Damerell,cdamerellr2@pinterest.com,Female,174.32.148.206
976,Garrek,Wiseman,gwisemanr3@wix.com,Male,228.148.96.17
977,Hersch,BURWIN,hburwinr4@phoca.cz,Male,65.110.244.202
978,Alessandro,Bridgewater,abridgewaterr5@list-manage.com,Male,115.105.132.205
979,Dotty,Nafziger,dnafzigerr6@indiegogo.com,Female,194.250.148.217
980,Cherice,D'Ambrogio,cdambrogior7@sohu.com,Female,94.34.135.245
981,Corrinne,Hudspeth,chudspethr8@ucoz.ru,Female,118.157.119.185
982,Tanny,Fines,tfinesr9@google.pl,Male,94.217.55.12
983,Vinnie,Brastead,vbrasteadra@pagesperso-orange.fr,Female,80.226.100.104
984,Luciano,Skipworth,lskipworthrb@independent.co.uk,Male,249.194.57.13
985,Deni,Cassel,dcasselrc@lulu.com,Female,34.126.25.41
986,Kellsie,Reay,kreayrd@si.edu,Female,94.245.133.86
987,Simeon,Gallifont,sgallifontre@alexa.com,Male,172.192.218.77
988,Simone,Josefsson,sjosefssonrf@china.com.cn,Male,254.1.34.250
989,Jerry,Widdop,jwiddoprg@yandex.ru,Female,222.151.100.124
990,Richardo,Hartill,rhartillrh@stanford.edu,Male,204.219.83.252
991,Vaclav,Feek,vfeekri@time.com,Male,236.24.227.61
992,Larry,Geist,lgeistrj@ask.com,Male,118.206.133.207
993,Yelena,Iskowicz,yiskowiczrk@yellowpages.com,Female,175.124.246.29
994,Melamie,Chatin,mchatinrl@gravatar.com,Female,39.12.106.218
995,Dyna,Bonnette,dbonnetterm@ed.gov,Female,138.31.51.56
996,Rosy,Marie,Usmar,rusmarrn@drupal.org,Female,150.5.106.67
997,Sunny,Placido,splacidoro@mozilla.com,Male,140.73.138.66
998,Fax,Gurwood,fgurwoodrp@parallels.com,Male,0.5.238.232
999,Joshia,Riccione,jriccionerq@washington.edu,Male,59.209.3.202
1000,Fredia,Demangeot,fdemangeotrr@flickr.com,Female,164.166.249.228
